<wpml-config>
    <custom-fields>
        <custom-field action="copy">quantity</custom-field>
        <custom-field action="translate">custom-title</custom-field>
        <custom-field action="copy">weight</custom-field>
        <custom-field action="translate">custom-description</custom-field>
        <custom-field action="ignore">upload_images</custom-field>
        <custom-field action="ignore">_upload_images</custom-field>
        <custom-field action="ignore">video_embed_code</custom-field>
        <custom-field action="ignore">_video_embed_code</custom-field>
        <custom-field action="translate">link</custom-field>
        <custom-field action="translate">_link</custom-field>
        <custom-field action="copy">location</custom-field>
        <custom-field action="copy">_location</custom-field>
        <custom-field action="copy">gps_latitude</custom-field>
        <custom-field action="copy">_gps_latitude</custom-field>
        <custom-field action="copy">gps_longitude</custom-field>
        <custom-field action="copy">_gps_longitude</custom-field>
        <custom-field action="copy">show_street_view_toggle</custom-field>
        <custom-field action="copy">_show_street_view_toggle</custom-field>
        <custom-field action="translate">telephone</custom-field>
        <custom-field action="translate">_telephone</custom-field>
        <custom-field action="translate">mobile_phone_number</custom-field>
        <custom-field action="translate">_mobile_phone_number</custom-field>
        <custom-field action="copy">enable_contact_button</custom-field>
        <custom-field action="copy">_enable_contact_button</custom-field>
        <custom-field action="copy">alternative_email_address</custom-field>
        <custom-field action="copy">_alternative_email_address</custom-field>
        <custom-field action="translate">website</custom-field>
        <custom-field action="translate">_website</custom-field>
        <custom-field action="copy">monday</custom-field>
        <custom-field action="copy">_monday</custom-field>
        <custom-field action="copy">tuesday</custom-field>
        <custom-field action="copy">_tuesday</custom-field>
        <custom-field action="copy">wednesday</custom-field>
        <custom-field action="copy">_wednesday</custom-field>
        <custom-field action="copy">thursday</custom-field>
        <custom-field action="copy">_thursday</custom-field>
        <custom-field action="copy">friday</custom-field>
        <custom-field action="copy">_friday</custom-field>
        <custom-field action="copy">saturday</custom-field>
        <custom-field action="copy">_saturday</custom-field>
        <custom-field action="copy">sunday</custom-field>
        <custom-field action="copy">_sunday</custom-field>
        <custom-field action="translate">tooltip_content</custom-field>
        <custom-field action="translate">_tooltip_content</custom-field>
        <custom-field action="ignore">_dp_original</custom-field>
        <custom-field action="ignore">post_views_count</custom-field>
        <custom-field action="ignore">_thumbnail_id</custom-field>
        <custom-field action="copy">listing_is_featured</custom-field>
        <custom-field action="copy">_listing_is_featured</custom-field>
        <custom-field action="translate">listing_title</custom-field>
        <custom-field action="translate">_listing_title</custom-field>
        <custom-field action="translate">tdp_select_listing_category</custom-field>
        <custom-field action="translate">_tdp_select_listing_category</custom-field>
        <custom-field action="copy">testing_the_editor_field</custom-field>
        <custom-field action="copy">_testing_the_editor_field</custom-field>
        <custom-field action="translate">tdp_select_listing_location_area</custom-field>
        <custom-field action="translate">_tdp_select_listing_location_area</custom-field>
        <custom-field action="translate">custom_fields_builder</custom-field>
        <custom-field action="translate">_custom_fields_builder</custom-field>
        <custom-field action="copy">featured_image</custom-field>
        <custom-field action="copy">_featured_image</custom-field>
        <custom-field action="copy">listing_image_2</custom-field>
        <custom-field action="copy">_listing_image_2</custom-field>
        <custom-field action="copy">listing_image_3</custom-field>
        <custom-field action="copy">_listing_image_3</custom-field>
        <custom-field action="copy">listing_image_4</custom-field>
        <custom-field action="copy">_listing_image_4</custom-field>
        <custom-field action="copy">listing_image_5</custom-field>
        <custom-field action="copy">_listing_image_5</custom-field>
    </custom-fields>
    <custom-types>
        <custom-type translate="1">listing</custom-type>
        <custom-type translate="1">claimed_listing</custom-type>
    </custom-types>    
    <taxonomies>
        <taxonomy translate="1">listings_categories</taxonomy>
        <taxonomy translate="1">listings_location</taxonomy>
    </taxonomies>    
    <language-switcher-settings>
        <key name="icl_lang_sel_config">
            <key name="font-current-normal">#444444</key>
            <key name="font-current-hover">#000000</key>
            <key name="background-current-normal">#ffffff</key>
            <key name="background-current-hover">#eeeeee</key>
            <key name="font-other-normal">#444444</key>
            <key name="font-other-hover">#000000</key>
            <key name="background-other-normal">#ffffff</key>
            <key name="background-other-hover">#eeeeee</key>
            <key name="border">#cdcdcd</key>
        </key>
        <key name="icl_lang_sel_footer_config">
            <key name="font-current-normal">#444444</key>
            <key name="font-current-hover">#000000</key>
            <key name="background-current-normal">#ffffff</key>
            <key name="background-current-hover">#eeeeee</key>
            <key name="font-other-normal">#444444</key>
            <key name="font-other-hover">#000000</key>
            <key name="background-other-normal">#ffffff</key>
            <key name="background-other-hover">#eeeeee</key>
            <key name="border">#cdcdcd</key>
        </key>    
        <key name="icl_language_switcher_sidebar">0</key>  
        <key name="icl_widget_title_show">0</key>
        <key name="icl_lang_sel_type">dropdown</key>
        <key name="icl_lso_link_empty">0</key>
        <key name="icl_lso_flags">0</key>
        <key name="icl_lso_native_lang">1</key>
        <key name="icl_lso_display_lang">1</key>
        <key name="icl_lang_sel_footer">0</key>
        <key name="icl_post_availability">0</key>
        <key name="icl_post_availability_position">below</key>
        <key name="icl_post_availability_text">This post is also available in: %s</key>    
    </language-switcher-settings>    
</wpml-config>